"0",""
"0","# construct a sequence of sds to loop through for the slope prior:"
"0","priSD <- seq(0.1, 1.5, length.out = 15)"
"0","priorsN <- p3"
"0","#create empty variables to store output of the loop:"
"0","post_pred <- c()"
"0","post_pred_lci <- c()"
"0","post_pred_uci <- c()"
"0",""
"0","for (i in 1:length(priSD)) {"
"0","  # priorsN[2,] <- set_prior(paste0(""normal(0, "", priSD[i],"")""), class = ""b"")"
"0","  model_for_loop <- brm(mlu3,"
"0","                                     data   = df2, "
"0","                                     family = lognormal, "
"0","                                     prior  = priorsN, "
"0","                                     sample_prior = T,"
"0","                                     warmup = 1000, "
"0","                                     iter   = 5000, "
"0","                                     cores  = 2,"
"0","                                     chains = 2,"
"0","                                     backend = ""cmdstanr"","
"0","                                     threads = threading(2),"
"0","                                     save_pars = save_pars(all = TRUE),"
"0","                                     control = list(adapt_delta   = 0.99, "
"0","                                                    max_treedepth = 15))"
"0","  "
"0","  post_preds <- tidybayes::spread_draws(model_for_loop, b_diagnosisASD:visit)"
"0","  post_pred[i] <- median(post_preds$b_diagnosisASD:visit)"
"0","  post_pred_lci[i] <- quantile(post_preds$b_diagnosisASD:visit, prob = 0.025)"
"0","  post_pred_uci[i] <- quantile(post_predsb_diagnosisASD:visit, prob = 0.975)"
"0","}"
"2","Advarsel: The global prior 'normal(0, 0.2)' of class 'b' will not be used in the model as all related coefficients have individual priors already. If you did not set those priors yourself, then maybe brms has assigned default priors. See ?set_prior and ?get_prior for more details."
"2","Compiling Stan program...
"
"1",""
"1",""
"1","-"
"1",""
"1",""
"1",""
"1",""
"1","\"
"1",""
"1",""
"1",""
"1",""
"1","|"
"1",""
"1",""
"1",""
"1",""
"1","/"
"1",""
"1",""
"1",""
"1",""
"1","-"
"1",""
"1",""
"1",""
"1",""
"1","\"
"1",""
"1",""
"1",""
"1",""
"1","|"
"1",""
"1",""
"1",""
"1",""
"1","/"
"1",""
"1",""
"1",""
"1",""
"1","-"
"1",""
"1",""
"1",""
"1",""
"1","\"
"1",""
"1",""
"1",""
"1",""
"1","|"
"1",""
"1",""
"1",""
"1",""
"1","/"
"1",""
"1",""
"1",""
"1",""
"1","-"
"1",""
"1",""
"1",""
"1",""
"1","\"
"1",""
"1",""
"1",""
"1",""
"1","|"
"1",""
"1",""
"1",""
"1",""
"1","/"
"1",""
"1",""
"1",""
"1",""
"1","-"
"1",""
"1",""
"1",""
"1",""
"1","\"
"1",""
"1",""
"1",""
"1",""
"1","|"
"1",""
"1",""
"1",""
"1",""
"1","/"
"1",""
"1",""
"1",""
"1",""
"1","-"
"1",""
"1",""
"1",""
"1",""
"1","\"
"1",""
"1",""
"1",""
"1",""
"1","|"
"1",""
"1",""
"1",""
"1",""
"1","/"
"1",""
"1",""
"1",""
"1",""
"1","-"
"1",""
"1",""
"1",""
"1",""
"1","\"
"1",""
"1",""
"1",""
"1",""
"1","|"
"1",""
"1",""
"1",""
"1",""
"1","/"
"1",""
"1",""
"1",""
"1",""
"1","-"
"1",""
"1",""
"1",""
"1",""
"1","\"
"1",""
"1",""
"1",""
"1",""
"1","|"
"1",""
"1",""
"1",""
"1",""
"1","/"
"1",""
"1",""
"1",""
"1",""
"1","-"
"1",""
"1",""
"1",""
"1",""
"1","\"
"1",""
"1",""
"1",""
"1",""
"1","|"
"1",""
"1",""
"1",""
"1",""
"1","/"
"1",""
"1",""
"1",""
"1",""
"1","-"
"1",""
"1",""
"1",""
"1",""
"1","\"
"1",""
"1",""
"1",""
"1",""
"1","|"
"1",""
"1",""
"1",""
"1",""
"1","/"
"1",""
"1",""
"1",""
"1",""
"1","-"
"1",""
"1",""
"1",""
"1",""
"1","\"
"1",""
"1",""
"1",""
"1",""
"1","|"
"1",""
"1",""
"1",""
"1",""
"1","/"
"1",""
"1",""
"1",""
"1",""
"1","-"
"1",""
"1",""
"1",""
"1",""
"1","\"
"1",""
"1",""
"1",""
"1",""
"1","|"
"1",""
"1",""
"1",""
"1",""
"1","/"
"1",""
"1",""
"1",""
"1",""
"1","-"
"1",""
"1",""
"1",""
"1",""
"1","\"
"1",""
"1",""
"1",""
"1",""
"1","|"
"1",""
"1",""
"1",""
"1",""
"1","/"
"1",""
"1",""
"1",""
"1",""
"1","-"
"1",""
"1",""
"1",""
"1",""
"1","\"
"1",""
"1",""
"1",""
"1",""
"1","|"
"1",""
"1",""
"1",""
"1",""
"1","/"
"1",""
"1",""
"1",""
"1",""
"1","-"
"1",""
"1",""
"1",""
"1",""
"1","\"
"1",""
"1",""
"1",""
"1",""
"1","|"
"1",""
"1",""
"1",""
"1",""
"1","/"
"1",""
"1",""
"1",""
"1",""
"1","-"
"1",""
"1",""
"1",""
"1",""
"1","\"
"1",""
"1",""
"1",""
"1",""
"1","|"
"1",""
"1",""
"1",""
"1",""
"1","/"
"1",""
"1",""
"1",""
"1",""
"1","-"
"1",""
"1",""
"1",""
"1",""
"1","\"
"1",""
"1",""
"1",""
"1",""
"1","|"
"1",""
"1",""
"1",""
"1",""
"1","/"
"1",""
"1",""
"1",""
"1",""
"1","-"
"1",""
"1",""
"1",""
"1",""
"1","\"
"1",""
"1",""
"1",""
"1",""
"1","|"
"1",""
"1",""
"1",""
"1",""
"1","/"
"1",""
"1",""
"1",""
"1",""
"1","-"
"1",""
"1",""
"1",""
"1",""
"1","\"
"1",""
"1",""
"1",""
"1",""
"1","|"
"1",""
"1",""
"1",""
"1",""
"1","/"
"1",""
"1",""
"1",""
"1",""
"1","-"
"1",""
"1",""
"1",""
"1",""
"1","\"
"1",""
"1",""
"1",""
"1",""
"1","|"
"1",""
"1",""
"1",""
"1",""
"1","/"
"1",""
"1",""
"1",""
"1",""
"1","-"
"1",""
"1",""
"1",""
"1",""
"1","\"
"1",""
"1",""
"1",""
"1",""
"1","|"
"1",""
"1",""
"1",""
"1",""
"1","/"
"1",""
"1",""
"1",""
"1",""
"1","-"
"1",""
"1",""
"1",""
"1",""
"1","\"
"1",""
"1",""
"1",""
"1",""
"1","|"
"1",""
"1",""
"1",""
"1",""
"1","/"
"1",""
"1",""
"1",""
"1",""
"1","-"
"1",""
"1",""
"1",""
"1",""
"1","\"
"1",""
"1",""
"1",""
"1",""
"1","|"
"1",""
"1",""
"1",""
"1",""
"1","/"
"1",""
"1",""
"1",""
"1",""
"1","-"
"1",""
"1",""
"1",""
"1",""
"1","\"
"1",""
"1",""
"1",""
"1",""
"1","|"
"1",""
"1",""
"1",""
"1",""
"1","/"
"1",""
"1",""
"1",""
"1",""
"1","-"
"1",""
"1",""
"1",""
"1",""
"1","\"
"1",""
"1",""
"1",""
"1",""
"1","|"
"1",""
"1",""
"1",""
"1",""
"1","/"
"1",""
"1",""
"1",""
"1",""
"1","-"
"1",""
"1",""
"1",""
"1",""
"1","\"
"1",""
"1",""
"1",""
"1",""
"1","|"
"1",""
"1",""
"1",""
"1",""
"1","/"
"1",""
"1",""
"1",""
"1",""
"1","-"
"1",""
"1",""
"1",""
"1",""
"1","\"
"1",""
"1",""
"1",""
"1",""
"1","|"
"1",""
"1",""
"1",""
"1",""
"1","/"
"1",""
"1",""
"1",""
"1",""
"1","-"
"1",""
"1",""
"1",""
"1",""
"1","\"
"1",""
"1",""
"1",""
"1",""
"1","|"
"1",""
"1",""
"1",""
"1",""
"1","/"
"1",""
"1",""
"1",""
"1",""
"1","-"
"1",""
"1",""
"1",""
"1",""
"1","\"
"1",""
"1",""
"1",""
"1",""
"1","|"
"1",""
"1",""
"1",""
"1",""
"1","/"
"1",""
"1",""
"1",""
"1",""
"1","-"
"1",""
"1",""
"1",""
"1",""
"1","\"
"1",""
"1",""
"1",""
"1",""
"1","|"
"1",""
"1",""
"1",""
"1",""
"1","/"
"1",""
"1",""
"1",""
"1",""
"1","-"
"1",""
"1",""
"1",""
"1",""
"1","\"
"1",""
"1",""
"1",""
"1",""
"1","|"
"1",""
"1",""
"1",""
"1",""
"1","/"
"1",""
"1",""
"1",""
"1",""
"1","-"
"1",""
"1",""
"1",""
"1",""
"1","\"
"1",""
"1",""
"1",""
"1",""
"1","|"
"1",""
"1",""
"1",""
"1",""
"1","/"
"1",""
"1",""
"1",""
"1",""
"1","-"
"1",""
"1",""
"1",""
"1",""
"1","\"
"1",""
"1",""
"1",""
"1",""
"1","|"
"1",""
"1",""
"1",""
"1",""
"1","/"
"1",""
"1",""
"1",""
"1",""
"1","-"
"1",""
"1",""
"1",""
"1",""
"1","\"
"1",""
"1",""
"1",""
"1",""
"1","|"
"1",""
"1",""
"1",""
"1",""
"1","/"
"1",""
"1",""
"1",""
"1",""
"1","-"
"1",""
"1",""
"1",""
"1",""
"1","\"
"1",""
"1",""
"1",""
"1",""
"1","|"
"1",""
"1",""
"1",""
"1",""
"1","/"
"1",""
"1",""
"1",""
"1",""
"1","-"
"1",""
"1",""
"1",""
"1",""
"1","\"
"1",""
"1",""
"1",""
"1",""
"1","|"
"1",""
"1",""
"1",""
"1",""
"1","/"
"1",""
"1",""
"1",""
"1",""
"1","-"
"1",""
"1",""
"1",""
"1",""
"1","\"
"1",""
"1",""
"1",""
"1",""
"1","|"
"1",""
"1",""
"1",""
"1",""
"1","/"
"1",""
"1",""
"1",""
"1",""
"1","-"
"1",""
"1",""
"1",""
"1",""
"1","\"
"1",""
"1",""
"1",""
"1",""
"1","|"
"1",""
"1",""
"1",""
"1",""
"1","/"
"1",""
"1",""
"1",""
"1",""
"1","-"
"1",""
"1",""
"1",""
"1",""
"1","\"
"1",""
"1",""
"1",""
"1",""
"1","|"
"1",""
"1",""
"1",""
"1",""
"1","/"
"1",""
"1",""
"1",""
"1",""
"1","-"
"1",""
"1",""
"1",""
"1",""
"1","\"
"1",""
"1",""
"1",""
"1",""
"1","|"
"1",""
"1",""
"1",""
"1",""
"1","/"
"1",""
"1",""
"1",""
"1",""
"1","-"
"1",""
"1",""
"1",""
"1",""
"1","\"
"1",""
"1",""
"1",""
"1",""
"1","|"
"1",""
"1",""
"1",""
"1",""
"1","/"
"1",""
"1",""
"1",""
"1",""
"1","-"
"1",""
"1",""
"1",""
"1",""
"1","\"
"1",""
"1",""
"1",""
"1",""
"1","|"
"1",""
"1",""
"1",""
"1",""
"1","/"
"1",""
"1",""
"1",""
"1",""
"1","-"
"1",""
"1",""
"1",""
"1",""
"1","\"
"1",""
"1",""
"1",""
"1",""
"1","|"
"1",""
"1",""
"1",""
"1",""
"1","/"
"1",""
"1",""
"1",""
"1",""
"1","-"
"1",""
"1",""
"1",""
"1",""
"1","\"
"1",""
"1",""
"2","In file included from stan/lib/stan_math/lib/boost_1.78.0/boost/multi_array/multi_array_ref.hpp:32,
                 from stan/lib/stan_math/lib/boost_1.78.0/boost/multi_array.hpp:34,
                 from stan/lib/stan_math/lib/boost_1.78.0/boost/numeric/odeint/algebra/multi_array_algebra.hpp:22,
                 from stan/lib/stan_math/lib/boost_1.78.0/boost/numeric/odeint.hpp:63,
                 from stan/lib/stan_math/stan/math/prim/functor/ode_rk45.hpp:9,
                 from stan/lib/stan_math/stan/math/prim/functor/integrate_ode_rk45.hpp:6,
                 from stan/lib/stan_math/stan/math/prim/functor.hpp:14,
                 from stan/lib/stan_math/stan/math/rev/fun.hpp:196,
                 from stan/lib/stan_math/stan/math/rev.hpp:10,
                 from stan/lib/stan_math/stan/math.hpp:19,
                 from stan/src/stan/model/model_header.hpp:4,
                 from C:/Users/sarak/AppData/Local/Temp/Rtmp8MuwHx/model-ec044877dd1.hpp:3:
stan/lib/stan_math/lib/boost_1.78.0/boost/functional.hpp:180:45: warning: 'template<class _Arg, class _Result> struct std::unary_function' is deprecated [-Wdeprecated-declarations]
  180 |         : public boost::functional::detail::unary_function<typename unary_traits<Predicate>::argument_type,bool>
      |                                             ^~~~~~~~~~~~~~

"
"1",""
"1",""
"1","|"
"1",""
"1",""
"2","In file included from C:/rtools42/ucrt64/include/c++/12.2.0/string:48,
                 from C:/rtools42/ucrt64/include/c++/12.2.0/bits/locale_classes.h:40,
                 from C:/rtools42/ucrt64/include/c++/12.2.0/bits/ios_base.h:41,
                 from C:/rtools42/ucrt64/include/c++/12.2.0/ios:42,
                 from C:/rtools42/ucrt64/include/c++/12.2.0/istream:38,
                 from C:/rtools42/ucrt64/include/c++/12.2.0/sstream:38,
                 from C:/rtools42/ucrt64/include/c++/12.2.0/complex:45,
                 from stan/lib/stan_math/lib/eigen_3.3.9/Eigen/Core:96,
                 from stan/lib/stan_math/lib/eigen_3.3.9/Eigen/Dense:1,
                 from stan/lib/stan_math/stan/math/prim/fun/Eigen.hpp:22,
                 from stan/lib/stan_math/stan/math/rev.hpp:4:
C:/rtools42/ucrt64/include/c++/12.2.0/bits/stl_function.h:117:12: note: declared here
  117 |     struct unary_function
      |            ^~~~~~~~~~~~~~
stan/lib/stan_math/lib/boost_1.78.0/boost/functional.hpp:214:45: warning: 'template<class _Arg1, class _Arg2, class _Result> struct std::binary_function' is deprecated [-Wdeprecated-declarations]
  214 |         : public boost::functional::detail::binary_function<
      |                                             ^~~~~~~~~~~~~~~
C:/rtools42/ucrt64/include/c++/12.2.0/bits/stl_function.h:131:12: note: declared here
  131 |     struct binary_function
      |            ^~~~~~~~~~~~~~~
stan/lib/stan_math/lib/boost_1.78.0/boost/functional.hpp:252:45: warning: 'template<class _Arg, class _Result> struct std::unary_function' is deprecated [-Wdeprecated-declarations]
  252 |         : public boost::functional::detail::unary_function<
      |                                             ^~~~~~~~~~~~~~
C:/rtools42/ucrt64/include/c++/12.2.0/bits/stl_function.h:117:12: note: declared here
  117 |     struct unary_function
      |            ^~~~~~~~~~~~~~
stan/lib/stan_math/lib/boost_1.78.0/boost/functional.hpp:299:45: warning: 'template<cl
"
"1",""
"1",""
"1","/"
"1",""
"1",""
"2","ass _Arg, class _Result> struct std::unary_function' is deprecated [-Wdeprecated-declarations]
  299 |         : public boost::functional::detail::unary_function<
      |                                             ^~~~~~~~~~~~~~
C:/rtools42/ucrt64/include/c++/12.2.0/bits/stl_function.h:117:12: note: declared here
  117 |     struct unary_function
      |            ^~~~~~~~~~~~~~
stan/lib/stan_math/lib/boost_1.78.0/boost/functional.hpp:345:57: warning: 'template<class _Arg, class _Result> struct std::unary_function' is deprecated [-Wdeprecated-declarations]
  345 |     class mem_fun_t : public boost::functional::detail::unary_function<T*, S>
      |                                                         ^~~~~~~~~~~~~~
C:/rtools42/ucrt64/include/c++/12.2.0/bits/stl_function.h:117:12: note: declared here
  117 |     struct unary_function
      |            ^~~~~~~~~~~~~~
stan/lib/stan_math/lib/boost_1.78.0/boost/functional.hpp:361:58: warning: 'template<class _Arg1, class _Arg2, class _Result> struct std::binary_function' is deprecated [-Wdeprecated-declarations]
  361 |     class mem_fun1_t : public boost::functional::detail::binary_function<T*, A, S>
      |                                                          ^~~~~~~~~~~~~~~
C:/rtools42/ucrt64/include/c++/12.2.0/bits/stl_function.h:131:12: note: declared here
  131 |     struct binary_function
      |            ^~~~~~~~~~~~~~~
stan/lib/stan_math/lib/boost_1.78.0/boost/functional.hpp:377:63: warning: 'template<class _Arg, class _Result> struct std::unary_function' is deprecated [-Wdeprecated-declarations]
  377 |     class const_mem_fun_t : public boost::functional::detail::unary_function<const T*, S>
      |                                                               ^~~~~~~~~~~~~~
C:/rtools42/ucrt64/include/c++/12.2.0/bits/stl_function.h:117:12: note: declared here
  117 |     struct unary_function
      |            ^~~~~~~~~~~~~~
stan/lib/stan_math/lib/boost_1.78.0/boost/functional.hpp:393:64: warning: 
"
"1",""
"1",""
"1","-"
"1",""
"1",""
"2","'template<class _Arg1, class _Arg2, class _Result> struct std::binary_function' is deprecated [-Wdeprecated-declarations]
  393 |     class const_mem_fun1_t : public boost::functional::detail::binary_function<const T*, A, S>
      |                                                                ^~~~~~~~~~~~~~~
C:/rtools42/ucrt64/include/c++/12.2.0/bits/stl_function.h:131:12: note: declared here
  131 |     struct binary_function
      |            ^~~~~~~~~~~~~~~
stan/lib/stan_math/lib/boost_1.78.0/boost/functional.hpp:438:61: warning: 'template<class _Arg, class _Result> struct std::unary_function' is deprecated [-Wdeprecated-declarations]
  438 |     class mem_fun_ref_t : public boost::functional::detail::unary_function<T&, S>
      |                                                             ^~~~~~~~~~~~~~
C:/rtools42/ucrt64/include/c++/12.2.0/bits/stl_function.h:117:12: note: declared here
  117 |     struct unary_function
      |            ^~~~~~~~~~~~~~
stan/lib/stan_math/lib/boost_1.78.0/boost/functional.hpp:454:62: warning: 'template<class _Arg1, class _Arg2, class _Result> struct std::binary_function' is deprecated [-Wdeprecated-declarations]
  454 |     class mem_fun1_ref_t : public boost::functional::detail::binary_function<T&, A, S>
      |                                                              ^~~~~~~~~~~~~~~
C:/rtools42/ucrt64/include/c++/12.2.0/bits/stl_function.h:131:12: note: declared here
  131 |     struct binary_function
      |            ^~~~~~~~~~~~~~~
stan/lib/stan_math/lib/boost_1.78.0/boost/functional.hpp:470:67: warning: 'template<class _Arg, class _Result> struct std::unary_function' is deprecated [-Wdeprecated-declarations]
  470 |     class const_mem_fun_ref_t : public boost::functional::detail::unary_function<const T&, S>
      |                                                                   ^~~~~~~~~~~~~~
C:/rtools42/ucrt64/include/c++/12.2.0/bits/stl_function.h:117:12: note: declared here
  117 |     struct unary_function

"
"1",""
"1",""
"1","\"
"1",""
"1",""
"2","      |            ^~~~~~~~~~~~~~
stan/lib/stan_math/lib/boost_1.78.0/boost/functional.hpp:487:68: warning: 'template<class _Arg1, class _Arg2, class _Result> struct std::binary_function' is deprecated [-Wdeprecated-declarations]
  487 |     class const_mem_fun1_ref_t : public boost::functional::detail::binary_function<const T&, A, S>
      |                                                                    ^~~~~~~~~~~~~~~
C:/rtools42/ucrt64/include/c++/12.2.0/bits/stl_function.h:131:12: note: declared here
  131 |     struct binary_function
      |            ^~~~~~~~~~~~~~~
stan/lib/stan_math/lib/boost_1.78.0/boost/functional.hpp:533:73: warning: 'template<class _Arg, class _Result> struct std::unary_function' is deprecated [-Wdeprecated-declarations]
  533 |     class pointer_to_unary_function : public boost::functional::detail::unary_function<Arg,Result>
      |                                                                         ^~~~~~~~~~~~~~
C:/rtools42/ucrt64/include/c++/12.2.0/bits/stl_function.h:117:12: note: declared here
  117 |     struct unary_function
      |            ^~~~~~~~~~~~~~
stan/lib/stan_math/lib/boost_1.78.0/boost/functional.hpp:557:74: warning: 'template<class _Arg1, class _Arg2, class _Result> struct std::binary_function' is deprecated [-Wdeprecated-declarations]
  557 |     class pointer_to_binary_function : public boost::functional::detail::binary_function<Arg1,Arg2,Result>
      |                                                                          ^~~~~~~~~~~~~~~
C:/rtools42/ucrt64/include/c++/12.2.0/bits/stl_function.h:131:12: note: declared here
  131 |     struct binary_function
      |            ^~~~~~~~~~~~~~~

"
"1",""
"1",""
"1","|"
"1",""
"1",""
"1",""
"1",""
"1","/"
"1",""
"1",""
"1",""
"1",""
"1","-"
"1",""
"1",""
"1",""
"1",""
"1","\"
"1",""
"1",""
"1",""
"1",""
"1","|"
"1",""
"1",""
"1",""
"1",""
"1","/"
"1",""
"1",""
"1",""
"1",""
"1","-"
"1",""
"1",""
"1",""
"1",""
"1","\"
"1",""
"1",""
"1",""
"1",""
"1","|"
"1",""
"1",""
"1",""
"1",""
"1","/"
"1",""
"1",""
"1",""
"1",""
"1","-"
"1",""
"1",""
"1",""
"1",""
"1","\"
"1",""
"1",""
"1",""
"1",""
"1","|"
"1",""
"1",""
"1",""
"1",""
"1","/"
"1",""
"1",""
"1",""
"1",""
"1","-"
"1",""
"1",""
"1",""
"1",""
"1","\"
"1",""
"1",""
"1",""
"1",""
"1","|"
"1",""
"1",""
"1",""
"1",""
"1","/"
"1",""
"1",""
"1",""
"1",""
"1","-"
"1",""
"1",""
"1",""
"1",""
"1","\"
"1",""
"1",""
"1",""
"1",""
"1","|"
"1",""
"1",""
"1",""
"1",""
"1","/"
"1",""
"1",""
"1",""
"1",""
"1","-"
"1",""
"1",""
"1",""
"1",""
"1","\"
"1",""
"1",""
"1",""
"1",""
"1","|"
"1",""
"1",""
"1",""
"1",""
"1","/"
"1",""
"1",""
"1",""
"1",""
"1","-"
"1",""
"1",""
"1",""
"1",""
"1","\"
"1",""
"1",""
"1",""
"1",""
"1","|"
"1",""
"1",""
"1",""
"1",""
"1","/"
"1",""
"1",""
"1",""
"1",""
"1","-"
"1",""
"1",""
"1",""
"1",""
"1","\"
"1",""
"1",""
"1",""
"1",""
"1","|"
"1",""
"1",""
"1",""
"1",""
"1","/"
"1",""
"1",""
"1",""
"1",""
"1","-"
"1",""
"1",""
"1",""
"1",""
"1","\"
"1",""
"1",""
"1",""
"1",""
"1","|"
"1",""
"1",""
"1",""
"1",""
"1","/"
"1",""
"1",""
"1",""
"1",""
"1","-"
"1",""
"1",""
"1",""
"1",""
"1","\"
"1",""
"1",""
"1",""
"1",""
"1","|"
"1",""
"1",""
"1",""
"1",""
"1","/"
"1",""
"1",""
"1",""
"1",""
"1","-"
"1",""
"1",""
"1",""
"1",""
"1","\"
"1",""
"1",""
"1",""
"1",""
"1","|"
"1",""
"1",""
"1",""
"1",""
"1","/"
"1",""
"1",""
"1",""
"1",""
"1","-"
"1",""
"1",""
"1",""
"1",""
"1","\"
"1",""
"1",""
"1",""
"1",""
"1","|"
"1",""
"1",""
"1",""
"1",""
"1","/"
"1",""
"1",""
"1",""
"1",""
"1","-"
"1",""
"1",""
"1",""
"1",""
"1","\"
"1",""
"1",""
"1",""
"1",""
"1","|"
"1",""
"1",""
"1",""
"1",""
"1","/"
"1",""
"1",""
"1",""
"1",""
"1","-"
"1",""
"1",""
"1",""
"1",""
"1","\"
"1",""
"1",""
"1",""
"1",""
"1","|"
"1",""
"1",""
"1",""
"1",""
"1","/"
"1",""
"1",""
"1",""
"1",""
"1","-"
"1",""
"1",""
"1",""
"1",""
"1","\"
"1",""
"1",""
"1",""
"1",""
"1","|"
"1",""
"1",""
"1",""
"1",""
"1","/"
"1",""
"1",""
"1",""
"1",""
"1","-"
"1",""
"1",""
"1",""
"1",""
"1","\"
"1",""
"1",""
"1",""
"1",""
"1","|"
"1",""
"1",""
"1",""
"1",""
"1","/"
"1",""
"1",""
"1",""
"1",""
"1","-"
"1",""
"1",""
"1",""
"1",""
"1","\"
"1",""
"1",""
"1",""
"1",""
"1","|"
"1",""
"1",""
"1",""
"1",""
"1","/"
"1",""
"1",""
"1",""
"1",""
"1","-"
"1",""
"1",""
"1",""
"1",""
"1","\"
"1",""
"1",""
"1",""
"1",""
"1","|"
"1",""
"1",""
"1",""
"1",""
"1","/"
"1",""
"1",""
"2","In file included from stan/lib/stan_math/stan/math/rev/functor.hpp:29,
                 from stan/lib/stan_math/stan/math/rev.hpp:11:
stan/lib/stan_math/stan/math/rev/functor/reduce_sum.hpp: In instantiation of 'stan::math::internal::reduce_sum_impl<ReduceFunction, typename std::enable_if<stan::is_var<typename std::decay<_Tp2>::type>::value, void>::type, ReturnType, Vec, Args ...>::recursive_reducer::recursive_reducer(size_t, size_t, double*, VecT&&, ArgsT&& ...) [with VecT = const std::vector<int>&; ArgsT = {const Eigen::Map<Eigen::Matrix<double, -1, 1, 0, -1, 1>, 0, Eigen::Stride<0, 0> >&, const Eigen::Map<Eigen::Matrix<double, -1, -1, 0, -1, -1>, 0, Eigen::Stride<0, 0> >&, Eigen::Matrix<stan::math::var_value<double, void>, -1, 1, 0, -1, 1>&, stan::math::var_value<double, void>&, const std::vector<int, std::allocator<int> >&, const Eigen::Map<Eigen::Matrix<double, -1, 1, 0, -1, 1>, 0, Eigen::Stride<0, 0> >&, const Eigen::Map<Eigen::Matrix<double, -1, 1, 0, -1, 1>, 0, Eigen::Stride<0, 0> >&, Eigen::Matrix<stan::math::var_value<double, void>, -1, 1, 0, -1, 1>&, Eigen::Matrix<stan::math::var_value<double, void>, -1, 1, 0, -1, 1>&}; ReduceFunction = model_f6b272153a6515f6dca01be691446c04_model_namespace::partial_log_lik_lpmf_rsfunctor__<false>; ReturnType = stan::math::var_value<double>; Vec = const std::vector<int>&; Args = {const Eigen::Map<Eigen::Matrix<double, -1, 1, 0, -1, 1>, 0, Eigen::Stride<0, 0> >&, const Eigen::Map<Eigen::Matrix<double, -1, -1, 0, -1, -1>, 0, Eigen::Stride<0, 0> >&, Eigen::Matrix<stan::math::var_value<double, void>, -1, 1, 0, -1, 1>&, stan::math::var_value<double, void>&, const std::vector<int, std::allocator<int> >&, const Eigen::Map<Eigen::Matrix<double, -1, 1, 0, -1, 1>, 0, Eigen::Stride<0, 0> >&, const Eigen::Map<Eigen::Matrix<double, -1, 1, 0, -1, 1>, 0, Eigen::Stride<0, 0> >&, Eigen::Matrix<stan::math::var_value<double, void>, -1, 1, 0, -1, 1>&, Eigen::Matrix<stan::math::var_value<double, void>, -1, 1, 0, -1, 1>&}; size_t = long long u
"
"1",""
"1",""
"1","-"
"1",""
"1",""
"2","nsigned int]':
stan/lib/stan_math/stan/math/rev/functor/reduce_sum.hpp:249:23:   required from 'stan::math::var stan::math::internal::reduce_sum_impl<ReduceFunction, typename std::enable_if<stan::is_var<typename std::decay<_Tp2>::type>::value, void>::type, ReturnType, Vec, Args ...>::operator()(Vec&&, bool, int, std::ostream*, Args&& ...) const [with ReduceFunction = model_f6b272153a6515f6dca01be691446c04_model_namespace::partial_log_lik_lpmf_rsfunctor__<false>; ReturnType = stan::math::var_value<double>; Vec = const std::vector<int>&; Args = {const Eigen::Map<Eigen::Matrix<double, -1, 1, 0, -1, 1>, 0, Eigen::Stride<0, 0> >&, const Eigen::Map<Eigen::Matrix<double, -1, -1, 0, -1, -1>, 0, Eigen::Stride<0, 0> >&, Eigen::Matrix<stan::math::var_value<double, void>, -1, 1, 0, -1, 1>&, stan::math::var_value<double, void>&, const std::vector<int, std::allocator<int> >&, const Eigen::Map<Eigen::Matrix<double, -1, 1, 0, -1, 1>, 0, Eigen::Stride<0, 0> >&, const Eigen::Map<Eigen::Matrix<double, -1, 1, 0, -1, 1>, 0, Eigen::Stride<0, 0> >&, Eigen::Matrix<stan::math::var_value<double, void>, -1, 1, 0, -1, 1>&, Eigen::Matrix<stan::math::var_value<double, void>, -1, 1, 0, -1, 1>&}; typename std::enable_if<stan::is_var<typename std::decay<_Tp2>::type>::value, void>::type = void; typename std::decay<_Tp2>::type = std::decay<stan::math::var_value<double> >::type; stan::math::var = stan::math::var_value<double>; std::ostream = std::basic_ostream<char>]'
stan/lib/stan_math/stan/math/prim/functor/reduce_sum.hpp:208:60:   required from 'auto stan::math::reduce_sum(Vec&&, int, std::ostream*, Args&& ...) [with ReduceFunction = model_f6b272153a6515f6dca01be691446c04_model_namespace::partial_log_lik_lpmf_rsfunctor__<false>; Vec = const std::vector<int>&; <template-parameter-1-3> = void; Args = {const Eigen::Map<Eigen::Matrix<double, -1, 1, 0, -1, 1>, 0, Eigen::Stride<0, 0> >&, const Eigen::Map<Eigen::Matrix<double, -1, -1, 0, -1, -1>, 0, Eigen::Stride<0, 0> >&, Eigen::Matrix<var_value<double, 
"
"1",""
"1",""
"1","\"
"1",""
"1",""
"2","void>, -1, 1, 0, -1, 1>&, var_value<double, void>&, const std::vector<int, std::allocator<int> >&, const Eigen::Map<Eigen::Matrix<double, -1, 1, 0, -1, 1>, 0, Eigen::Stride<0, 0> >&, const Eigen::Map<Eigen::Matrix<double, -1, 1, 0, -1, 1>, 0, Eigen::Stride<0, 0> >&, Eigen::Matrix<var_value<double, void>, -1, 1, 0, -1, 1>&, Eigen::Matrix<var_value<double, void>, -1, 1, 0, -1, 1>&}; std::ostream = std::basic_ostream<char>]'
C:/Users/sarak/AppData/Local/Temp/Rtmp8MuwHx/model-ec044877dd1.hpp:857:76:   required from 'stan::scalar_type_t<T2> model_f6b272153a6515f6dca01be691446c04_model_namespace::model_f6b272153a6515f6dca01be691446c04_model::log_prob_impl(VecR&, VecI&, std::ostream*) const [with bool propto__ = false; bool jacobian__ = false; VecR = Eigen::Matrix<stan::math::var_value<double>, -1, 1>; VecI = Eigen::Matrix<int, -1, 1>; stan::require_vector_like_t<VecR>* <anonymous> = 0; stan::require_vector_like_vt<std::is_integral, VecI>* <anonymous> = 0; stan::scalar_type_t<T2> = stan::math::var_value<double>; std::ostream = std::basic_ostream<char>]'
C:/Users/sarak/AppData/Local/Temp/Rtmp8MuwHx/model-ec044877dd1.hpp:1431:49:   required from 'T_ model_f6b272153a6515f6dca01be691446c04_model_namespace::model_f6b272153a6515f6dca01be691446c04_model::log_prob(Eigen::Matrix<T_job_param, -1, 1>&, std::ostream*) const [with bool propto__ = false; bool jacobian__ = false; T_ = stan::math::var_value<double>; std::ostream = std::basic_ostream<char>]'
stan/src/stan/model/model_base_crtp.hpp:95:72:   required from 'stan::math::var stan::model::model_base_crtp<M>::log_prob(Eigen::Matrix<stan::math::var_value<double>, -1, 1>&, std::ostream*) const [with M = model_f6b272153a6515f6dca01be691446c04_model_namespace::model_f6b272153a6515f6dca01be691446c04_model; stan::math::var = stan::math::var_value<double>; std::ostream = std::basic_ostream<char>]'
stan/src/stan/model/model_base_crtp.hpp:93:20:   required from here
stan/lib/stan_math/stan/math/rev/functor/reduce_sum.hpp:58:23: warning: '
"
"1",""
"1",""
"1","|"
"1",""
"1",""
"2","stan::math::internal::reduce_sum_impl<model_f6b272153a6515f6dca01be691446c04_model_namespace::partial_log_lik_lpmf_rsfunctor__<false>, void, stan::math::var_value<double>, const std::vector<int>&, const Eigen::Map<Eigen::Matrix<double, -1, 1, 0, -1, 1>, 0, Eigen::Stride<0, 0> >&, const Eigen::Map<Eigen::Matrix<double, -1, -1, 0, -1, -1>, 0, Eigen::Stride<0, 0> >&, Eigen::Matrix<stan::math::var_value<double, void>, -1, 1, 0, -1, 1>&, stan::math::var_value<double, void>&, const std::vector<int, std::allocator<int> >&, const Eigen::Map<Eigen::Matrix<double, -1, 1, 0, -1, 1>, 0, Eigen::Stride<0, 0> >&, const Eigen::Map<Eigen::Matrix<double, -1, 1, 0, -1, 1>, 0, Eigen::Stride<0, 0> >&, Eigen::Matrix<stan::math::var_value<double, void>, -1, 1, 0, -1, 1>&, Eigen::Matrix<stan::math::var_value<double, void>, -1, 1, 0, -1, 1>&>::recursive_reducer::local_args_tuple_scope_' will be initialized after [-Wreorder]
   58 |     scoped_args_tuple local_args_tuple_scope_;
      |                       ^~~~~~~~~~~~~~~~~~~~~~~

"
"1",""
"1",""
"1","/"
"1",""
"1",""
"2","stan/lib/stan_math/stan/math/rev/functor/reduce_sum.hpp:57:25: warning:   'std::tuple<const Eigen::Map<Eigen::Matrix<double, -1, 1, 0, -1, 1>, 0, Eigen::Stride<0, 0> >&, const Eigen::Map<Eigen::Matrix<double, -1, -1, 0, -1, -1>, 0, Eigen::Stride<0, 0> >&, Eigen::Matrix<stan::math::var_value<double, void>, -1, 1, 0, -1, 1>&, stan::math::var_value<double, void>&, const std::vector<int, std::allocator<int> >&, const Eigen::Map<Eigen::Matrix<double, -1, 1, 0, -1, 1>, 0, Eigen::Stride<0, 0> >&, const Eigen::Map<Eigen::Matrix<double, -1, 1, 0, -1, 1>, 0, Eigen::Stride<0, 0> >&, Eigen::Matrix<stan::math::var_value<double, void>, -1, 1, 0, -1, 1>&, Eigen::Matrix<stan::math::var_value<double, void>, -1, 1, 0, -1, 1>&> stan::math::internal::reduce_sum_impl<model_f6b272153a6515f6dca01be691446c04_model_namespace::partial_log_lik_lpmf_rsfunctor__<false>, void, stan::math::var_value<double>, const std::vector<int>&, const Eigen::Map<Eigen::Matrix<double, -1, 1, 0, -1, 1>, 0, Eigen::Stride<0, 0> >&, const Eigen::Map<Eigen::Matrix<double, -1, -1, 0, -1, -1>, 0, Eigen::Stride<0, 0> >&, Eigen::Matrix<stan::math::var_value<double, void>, -1, 1, 0, -1, 1>&, stan::math::var_value<double, void>&, const std::vector<int, std::allocator<int> >&, const Eigen::Map<Eigen::Matrix<double, -1, 1, 0, -1, 1>, 0, Eigen::Stride<0, 0> >&, const Eigen::Map<Eigen::Matrix<double, -1, 1, 0, -1, 1>, 0, Eigen::Stride<0, 0> >&, Eigen::Matrix<stan::math::var_value<double, void>, -1, 1, 0, -1, 1>&, Eigen::Matrix<stan::math::var_value<double, void>, -1, 1, 0, -1, 1>&>::recursive_reducer::args_tuple_' [-Wreorder]
   57 |     std::tuple<Args...> args_tuple_;
      |                         ^~~~~~~~~~~
stan/lib/stan_math/stan/math/rev/functor/reduce_sum.hpp:63:5: warning:   when initialized here [-Wreorder]
   63 |     recursive_reducer(size_t num_vars_per_term, size_t num_vars_shared_terms,
      |     ^~~~~~~~~~~~~~~~~

"
"1",""
"1",""
"1","-"
"1",""
"1",""
"1",""
"1",""
"1","\"
"1",""
"1",""
"1",""
"1",""
"1","|"
"1",""
"1",""
"1",""
"1",""
"1","/"
"1",""
"1",""
"1",""
"1",""
"1","-"
"1",""
"1",""
"1",""
"1",""
"1","\"
"1",""
"1",""
"1",""
"1",""
"1","|"
"1",""
"1",""
"1",""
"1",""
"1","/"
"1",""
"1",""
"1",""
"1",""
"1","-"
"1",""
"1",""
"1",""
"1",""
"1","\"
"1",""
"1",""
"1",""
"1",""
"1","|"
"1",""
"1",""
"1",""
"1",""
"1","/"
"1",""
"1",""
"1",""
"1",""
"1","-"
"1",""
"1",""
"1",""
"1",""
"1","\"
"1",""
"1",""
"1",""
"1",""
"1","|"
"1",""
"1",""
"1",""
"1",""
"1","/"
"1",""
"1",""
"1",""
"1",""
"1","-"
"1",""
"1",""
"1",""
"1",""
"1","\"
"1",""
"1",""
"1",""
"1",""
"1","|"
"1",""
"1",""
"1",""
"1",""
"1","/"
"1",""
"1",""
"1",""
"1",""
"1","-"
"1",""
"1",""
"1",""
"1",""
"1","\"
"1",""
"1",""
"2","stan/lib/stan_math/stan/math/rev/functor/reduce_sum.hpp: In instantiation of 'stan::math::internal::reduce_sum_impl<ReduceFunction, typename std::enable_if<stan::is_var<typename std::decay<_Tp2>::type>::value, void>::type, ReturnType, Vec, Args ...>::recursive_reducer::recursive_reducer(stan::math::internal::reduce_sum_impl<ReduceFunction, typename std::enable_if<stan::is_var<typename std::decay<_Tp2>::type>::value, void>::type, ReturnType, Vec, Args ...>::recursive_reducer&, tbb::split) [with ReduceFunction = model_f6b272153a6515f6dca01be691446c04_model_namespace::partial_log_lik_lpmf_rsfunctor__<false>; ReturnType = stan::math::var_value<double>; Vec = const std::vector<int>&; Args = {const Eigen::Map<Eigen::Matrix<double, -1, 1, 0, -1, 1>, 0, Eigen::Stride<0, 0> >&, const Eigen::Map<Eigen::Matrix<double, -1, -1, 0, -1, -1>, 0, Eigen::Stride<0, 0> >&, Eigen::Matrix<stan::math::var_value<double, void>, -1, 1, 0, -1, 1>&, stan::math::var_value<double, void>&, const std::vector<int, std::allocator<int> >&, const Eigen::Map<Eigen::Matrix<double, -1, 1, 0, -1, 1>, 0, Eigen::Stride<0, 0> >&, const Eigen::Map<Eigen::Matrix<double, -1, 1, 0, -1, 1>, 0, Eigen::Stride<0, 0> >&, Eigen::Matrix<stan::math::var_value<double, void>, -1, 1, 0, -1, 1>&, Eigen::Matrix<stan::math::var_value<double, void>, -1, 1, 0, -1, 1>&}]':
stan/lib/stan_math/lib/tbb_2020.3/include/tbb/parallel_reduce.h:186:27:   required from 'tbb::task* tbb::interface9::internal::start_reduce<Range, Body, Partitioner>::execute() [with Range = tbb::blocked_range<long long unsigned int>; Body = stan::math::internal::reduce_sum_impl<model_f6b272153a6515f6dca01be691446c04_model_namespace::partial_log_lik_lpmf_rsfunctor__<false>, void, stan::math::var_value<double>, const std::vector<int>&, const Eigen::Map<Eigen::Matrix<double, -1, 1, 0, -1, 1>, 0, Eigen::Stride<0, 0> >&, const Eigen::Map<Eigen::Matrix<double, -1, -1, 0, -1, -1>, 0, Eigen::Stride<0, 0> >&, Eigen::Matrix<stan::math::var_value<double, void>, -1, 1, 0
"
"1",""
"1",""
"1","|"
"1",""
"1",""
"2",", -1, 1>&, stan::math::var_value<double, void>&, const std::vector<int, std::allocator<int> >&, const Eigen::Map<Eigen::Matrix<double, -1, 1, 0, -1, 1>, 0, Eigen::Stride<0, 0> >&, const Eigen::Map<Eigen::Matrix<double, -1, 1, 0, -1, 1>, 0, Eigen::Stride<0, 0> >&, Eigen::Matrix<stan::math::var_value<double, void>, -1, 1, 0, -1, 1>&, Eigen::Matrix<stan::math::var_value<double, void>, -1, 1, 0, -1, 1>&>::recursive_reducer; Partitioner = const tbb::auto_partitioner]'
stan/lib/stan_math/lib/tbb_2020.3/include/tbb/parallel_reduce.h:181:11:   required from here
stan/lib/stan_math/stan/math/rev/functor/reduce_sum.hpp:58:23: warning: 'stan::math::internal::reduce_sum_impl<model_f6b272153a6515f6dca01be691446c04_model_namespace::partial_log_lik_lpmf_rsfunctor__<false>, void, stan::math::var_value<double>, const std::vector<int>&, const Eigen::Map<Eigen::Matrix<double, -1, 1, 0, -1, 1>, 0, Eigen::Stride<0, 0> >&, const Eigen::Map<Eigen::Matrix<double, -1, -1, 0, -1, -1>, 0, Eigen::Stride<0, 0> >&, Eigen::Matrix<stan::math::var_value<double, void>, -1, 1, 0, -1, 1>&, stan::math::var_value<double, void>&, const std::vector<int, std::allocator<int> >&, const Eigen::Map<Eigen::Matrix<double, -1, 1, 0, -1, 1>, 0, Eigen::Stride<0, 0> >&, const Eigen::Map<Eigen::Matrix<double, -1, 1, 0, -1, 1>, 0, Eigen::Stride<0, 0> >&, Eigen::Matrix<stan::math::var_value<double, void>, -1, 1, 0, -1, 1>&, Eigen::Matrix<stan::math::var_value<double, void>, -1, 1, 0, -1, 1>&>::recursive_reducer::local_args_tuple_scope_' will be initialized after [-Wreorder]
   58 |     scoped_args_tuple local_args_tuple_scope_;
      |                       ^~~~~~~~~~~~~~~~~~~~~~~

"
"1",""
"1",""
"1","/"
"1",""
"1",""
"2","stan/lib/stan_math/stan/math/rev/functor/reduce_sum.hpp:57:25: warning:   'std::tuple<const Eigen::Map<Eigen::Matrix<double, -1, 1, 0, -1, 1>, 0, Eigen::Stride<0, 0> >&, const Eigen::Map<Eigen::Matrix<double, -1, -1, 0, -1, -1>, 0, Eigen::Stride<0, 0> >&, Eigen::Matrix<stan::math::var_value<double, void>, -1, 1, 0, -1, 1>&, stan::math::var_value<double, void>&, const std::vector<int, std::allocator<int> >&, const Eigen::Map<Eigen::Matrix<double, -1, 1, 0, -1, 1>, 0, Eigen::Stride<0, 0> >&, const Eigen::Map<Eigen::Matrix<double, -1, 1, 0, -1, 1>, 0, Eigen::Stride<0, 0> >&, Eigen::Matrix<stan::math::var_value<double, void>, -1, 1, 0, -1, 1>&, Eigen::Matrix<stan::math::var_value<double, void>, -1, 1, 0, -1, 1>&> stan::math::internal::reduce_sum_impl<model_f6b272153a6515f6dca01be691446c04_model_namespace::partial_log_lik_lpmf_rsfunctor__<false>, void, stan::math::var_value<double>, const std::vector<int>&, const Eigen::Map<Eigen::Matrix<double, -1, 1, 0, -1, 1>, 0, Eigen::Stride<0, 0> >&, const Eigen::Map<Eigen::Matrix<double, -1, -1, 0, -1, -1>, 0, Eigen::Stride<0, 0> >&, Eigen::Matrix<stan::math::var_value<double, void>, -1, 1, 0, -1, 1>&, stan::math::var_value<double, void>&, const std::vector<int, std::allocator<int> >&, const Eigen::Map<Eigen::Matrix<double, -1, 1, 0, -1, 1>, 0, Eigen::Stride<0, 0> >&, const Eigen::Map<Eigen::Matrix<double, -1, 1, 0, -1, 1>, 0, Eigen::Stride<0, 0> >&, Eigen::Matrix<stan::math::var_value<double, void>, -1, 1, 0, -1, 1>&, Eigen::Matrix<stan::math::var_value<double, void>, -1, 1, 0, -1, 1>&>::recursive_reducer::args_tuple_' [-Wreorder]
   57 |     std::tuple<Args...> args_tuple_;
      |                         ^~~~~~~~~~~
stan/lib/stan_math/stan/math/rev/functor/reduce_sum.hpp:78:5: warning:   when initialized here [-Wreorder]
   78 |     recursive_reducer(recursive_reducer& other, tbb::split)
      |     ^~~~~~~~~~~~~~~~~

"
"1",""
"1",""
"1","-"
"1",""
"1",""
"1",""
"1",""
"1","\"
"1",""
"1",""
"1",""
"1",""
"1","|"
"1",""
"1",""
"1",""
"1",""
"1","/"
"1",""
"1",""
"1",""
"1",""
"1","-"
"1",""
"1",""
"1",""
"1",""
"1","\"
"1",""
"1",""
"1",""
"1",""
"1","|"
"1",""
"1",""
"1",""
"1",""
"1","/"
"1",""
"1",""
"1",""
"1",""
"1","-"
"1",""
"1",""
"1",""
"1",""
"1","\"
"1",""
"1",""
"1",""
"1",""
"1","|"
"1",""
"1",""
"1",""
"1",""
"1","/"
"1",""
"1",""
"1",""
"1",""
"1","-"
"1",""
"1",""
"1",""
"1",""
"1","\"
"1",""
"1",""
"1",""
"1",""
"1","|"
"1",""
"1",""
"1",""
"1",""
"1","/"
"1",""
"1",""
"1",""
"1",""
"1","-"
"1",""
"1",""
"1",""
"1",""
"1","\"
"1",""
"1",""
"1",""
"1",""
"1","|"
"1",""
"1",""
"1",""
"1",""
"1","/"
"1",""
"1",""
"1",""
"1",""
"1","-"
"1",""
"1",""
"1",""
"1",""
"1","\"
"1",""
"1",""
"1",""
"1",""
"1","|"
"1",""
"1",""
"1",""
"1",""
"1","/"
"1",""
"1",""
"1",""
"1",""
"1","-"
"1",""
"1",""
"1",""
"1",""
"1","\"
"1",""
"1",""
"1",""
"1",""
"1","|"
"1",""
"1",""
"1",""
"1",""
"1","/"
"1",""
"1",""
"1",""
"1",""
"1","-"
"1",""
"1",""
"1",""
"1",""
"1","\"
"1",""
"1",""
"1",""
"1",""
"1","|"
"1",""
"1",""
"1",""
"1",""
"1","/"
"1",""
"1",""
"1",""
"1",""
"1","-"
"1",""
"1",""
"1",""
"1",""
"1","\"
"1",""
"1",""
"1",""
"1",""
"1","|"
"1",""
"1",""
"1",""
"1",""
"1","/"
"1",""
"1",""
"1",""
"1",""
"1","-"
"1",""
"1",""
"1",""
"1",""
"1","\"
"1",""
"1",""
"1",""
"1",""
"1","|"
"1",""
"1",""
"1",""
"1",""
"1","/"
"1",""
"1",""
"1",""
"1",""
"1","-"
"1",""
"1",""
"1",""
"1",""
"1","\"
"1",""
"1",""
"1",""
"1",""
"1","|"
"1",""
"1",""
"1",""
"1",""
"1","/"
"1",""
"1",""
"1",""
"1",""
"1","-"
"1",""
"1",""
"1",""
"1",""
"1","\"
"1",""
"1",""
"1",""
"1",""
"1","|"
"1",""
"1",""
"1",""
"1",""
"1","/"
"1",""
"1",""
"1",""
"1",""
"1","-"
"1",""
"1",""
"1",""
"1",""
"1","\"
"1",""
"1",""
"1",""
"1",""
"1","|"
"1",""
"1",""
"1",""
"1",""
"1","/"
"1",""
"1",""
"1",""
"1",""
"1","-"
"1",""
"1",""
"1",""
"1",""
"1","\"
"1",""
"1",""
"1",""
"1",""
"1","|"
"1",""
"1",""
"1",""
"1",""
"1","/"
"1",""
"1",""
"1",""
"1",""
"1","-"
"1",""
"1",""
"1",""
"1",""
"1","\"
"1",""
"1",""
"1",""
"1",""
"1","|"
"1",""
"1",""
"1",""
"1",""
"1","/"
"1",""
"1",""
"1",""
"1",""
"1","-"
"1",""
"1",""
"1",""
"1",""
"1","\"
"1",""
"1",""
"1",""
"1",""
"1","|"
"1",""
"1",""
"1",""
"1",""
"1","/"
"1",""
"1",""
"1",""
"1",""
"1","-"
"1",""
"1",""
"1",""
"1",""
"1","\"
"1",""
"1",""
"1",""
"1",""
"1","|"
"1",""
"1",""
"1",""
"1",""
"1","/"
"1",""
"1",""
"1",""
"1",""
"1","-"
"1",""
"1",""
"1",""
"1",""
"1","\"
"1",""
"1",""
"1",""
"1",""
"1","|"
"1",""
"1",""
"1",""
"1",""
"1","/"
"1",""
"1",""
"1",""
"1",""
"1","-"
"1",""
"1",""
"1",""
"1",""
"1","\"
"1",""
"1",""
"1",""
"1",""
"1","|"
"1",""
"1",""
"1",""
"1",""
"1","/"
"1",""
"1",""
"1",""
"1",""
"1","-"
"1",""
"1",""
"1",""
"1",""
"1","\"
"1",""
"1",""
"1",""
"1",""
"1","|"
"1",""
"1",""
"1",""
"1",""
"1","/"
"1",""
"1",""
"1",""
"1",""
"1","-"
"1",""
"1",""
"1",""
"1",""
"1","\"
"1",""
"1",""
"1",""
"1",""
"1","|"
"1",""
"1",""
"1",""
"1",""
"1","/"
"1",""
"1",""
"1",""
"1",""
"1","-"
"1",""
"1",""
"1",""
"1",""
"1","\"
"1",""
"1",""
"1",""
"1",""
"1","|"
"1",""
"1",""
"1",""
"1",""
"1","/"
"1",""
"1",""
"1",""
"1",""
"1","-"
"1",""
"1",""
"1",""
"1",""
"1","\"
"1",""
"1",""
"1",""
"1",""
"1","|"
"1",""
"1",""
"1",""
"1",""
"1","/"
"1",""
"1",""
"1",""
"1",""
"1","-"
"1",""
"1",""
"1",""
"1",""
"1","\"
"1",""
"1",""
"1",""
"1",""
"1","|"
"1",""
"1",""
"1",""
"1",""
"1","/"
"1",""
"1",""
"1",""
"1",""
"1","-"
"1",""
"1",""
"1",""
"1",""
"1","\"
"1",""
"1",""
"1",""
"1",""
"1","|"
"1",""
"1",""
"1",""
"1",""
"1","/"
"1",""
"1",""
"1",""
"1",""
"1","-"
"1",""
"1",""
"1",""
"1",""
"1","\"
"1",""
"1",""
"1",""
"1",""
"1","|"
"1",""
"1",""
"1",""
"1",""
"1","/"
"1",""
"1",""
"1",""
"1",""
"1","-"
"1",""
"1",""
"1",""
"1",""
"1","\"
"1",""
"1",""
"1",""
"1",""
"1","|"
"1",""
"1",""
"1",""
"1",""
"1","/"
"1",""
"1",""
"1",""
"1",""
"1","-"
"1",""
"1",""
"1",""
"1",""
"1","\"
"1",""
"1",""
"1",""
"1",""
"1","|"
"1",""
"1",""
"1",""
"1",""
"1","/"
"1",""
"1",""
"1",""
"1",""
"1","-"
"1",""
"1",""
"1",""
"1",""
"1","\"
"1",""
"1",""
"1",""
"1",""
"1","|"
"1",""
"1",""
"1",""
"1",""
"1","/"
"1",""
"1",""
"1",""
"1",""
"1","-"
"1",""
"1",""
"1",""
"1",""
"1","\"
"1",""
"1",""
"1",""
"1",""
"1","|"
"1",""
"1",""
"1",""
"1",""
"1","/"
"1",""
"1",""
"1",""
"1",""
"1","-"
"1",""
"1",""
"1",""
"1",""
"1","\"
"1",""
"1",""
"1",""
"1",""
"1","|"
"1",""
"1",""
"1",""
"1",""
"1","/"
"1",""
"1",""
"1",""
"1",""
"1","-"
"1",""
"1",""
"1",""
"1",""
"1","\"
"1",""
"1",""
"1",""
"1",""
"1","|"
"1",""
"1",""
"1",""
"1",""
"1","/"
"1",""
"1",""
"1",""
"1",""
"1","-"
"1",""
"1",""
"1",""
"1",""
"1","\"
"1",""
"1",""
"1",""
"1",""
"1","|"
"1",""
"1",""
"1",""
"1",""
"1","/"
"1",""
"1",""
"1",""
"1",""
"1","-"
"1",""
"1",""
"1",""
"1",""
"1","\"
"1",""
"1",""
"1",""
"1",""
"1","|"
"1",""
"1",""
"1",""
"1",""
"1","/"
"1",""
"1",""
"1",""
"1",""
"1","-"
"1",""
"1",""
"1",""
"1",""
"1","\"
"1",""
"1",""
"1",""
"1",""
"1","|"
"1",""
"1",""
"1",""
"1",""
"1","/"
"1",""
"1",""
"1",""
"1",""
"1","-"
"1",""
"1",""
"1",""
"1",""
"1","\"
"1",""
"1",""
"1",""
"1",""
"1","|"
"1",""
"1",""
"1",""
"1",""
"1","/"
"1",""
"1",""
"1",""
"1",""
"1","-"
"1",""
"1",""
"1",""
"1",""
"1","\"
"1",""
"1",""
"1",""
"1",""
"1","|"
"1",""
"1",""
"1",""
"1",""
"1","/"
"1",""
"1",""
"1",""
"1",""
"1","-"
"1",""
"1",""
"1",""
"1",""
"1","\"
"1",""
"1",""
"1",""
"1",""
"1","|"
"1",""
"1",""
"1",""
"1",""
"1","/"
"1",""
"1",""
"1",""
"1",""
"1","-"
"1",""
"1",""
"1",""
"1",""
"1","\"
"1",""
"1",""
"1",""
"1",""
"1","|"
"1",""
"1",""
"1",""
"1",""
"1","/"
"1",""
"1",""
"1",""
"1",""
"1","-"
"1",""
"1",""
"1",""
"1",""
"1","\"
"1",""
"1",""
"1",""
"1",""
"1","|"
"1",""
"1",""
"1",""
"1",""
"1","/"
"1",""
"1",""
"1",""
"1",""
"1","-"
"1",""
"1",""
"1",""
"1",""
"1","\"
"1",""
"1",""
"1",""
"1",""
"1","|"
"1",""
"1",""
"1",""
"1",""
"1","/"
"1",""
"1",""
"1",""
"1",""
"1","-"
"1",""
"1",""
"1",""
"1",""
"1","\"
"1",""
"1",""
"1",""
"1",""
"1","|"
"1",""
"1",""
"1",""
"1",""
"1","/"
"1",""
"1",""
"1",""
"1",""
"1","-"
"1",""
"1",""
"1",""
"1",""
"1","\"
"1",""
"1",""
"1",""
"1",""
"1","|"
"1",""
"1",""
"1",""
"1",""
"1","/"
"1",""
"1",""
"1",""
"1",""
"1","-"
"1",""
"1",""
"1",""
"1",""
"1","\"
"1",""
"1",""
"1",""
"1",""
"1","|"
"1",""
"1",""
"1",""
"1",""
"1","/"
"1",""
"1",""
"1",""
"1",""
"1","-"
"1",""
"1",""
"1",""
"1",""
"1","\"
"1",""
"1",""
"1",""
"1",""
"1","|"
"1",""
"1",""
"1",""
"1",""
"1","/"
"1",""
"1",""
"1",""
"1",""
"1","-"
"1",""
"1",""
"1",""
"1",""
"1","\"
"1",""
"1",""
"1",""
"1",""
"1","|"
"1",""
"1",""
"1",""
"1",""
"1","/"
"1",""
"1",""
"1",""
"1",""
"1","-"
"1",""
"1",""
"1",""
"1",""
"1","\"
"1",""
"1",""
"1",""
"1",""
"1","|"
"1",""
"1",""
"1",""
"1",""
"1","/"
"1",""
"1",""
"1",""
"1",""
"1","-"
"1",""
"1",""
"1",""
"1",""
"1","\"
"1",""
"1",""
"1",""
"1",""
"1","|"
"1",""
"1",""
"1",""
"1",""
"1","/"
"1",""
"1",""
"1",""
"1",""
"1","-"
"1",""
"1",""
"1",""
"1",""
"1","\"
"1",""
"1",""
"1",""
"1",""
"1","|"
"1",""
"1",""
"1",""
"1",""
"1","/"
"1",""
"1",""
"1",""
"1",""
"1","-"
"1",""
"1",""
"1",""
"1",""
"1","\"
"1",""
"1",""
"1",""
"1",""
"1","|"
"1",""
"1",""
"1",""
"1",""
"1","/"
"1",""
"1",""
"1",""
"1",""
"1","-"
"1",""
"1",""
"1",""
"1",""
"1","\"
"1",""
"1",""
"1",""
"1",""
"1","|"
"1",""
"1",""
"1",""
"1",""
"1","/"
"1",""
"1",""
"1",""
"1",""
"1","-"
"1",""
"1",""
"1",""
"1",""
"1","\"
"1",""
"1",""
"1",""
"1",""
"1","|"
"1",""
"1",""
"1",""
"1",""
"1","/"
"1",""
"1",""
"1",""
"1",""
"1","-"
"1",""
"1",""
"1",""
"1",""
"1","\"
"1",""
"1",""
"1",""
"1",""
"1","|"
"1",""
"1",""
"1",""
"1",""
"1","/"
"1",""
"1",""
"1",""
"1",""
"1","-"
"1",""
"1",""
"1",""
"1",""
"1","\"
"1",""
"1",""
"1",""
"1",""
"1","|"
"1",""
"1",""
"1",""
"1",""
"1","/"
"1",""
"1",""
"1",""
"1",""
"1","-"
"1",""
"1",""
"1",""
"1",""
"1","\"
"1",""
"1",""
"1",""
"1",""
"1","|"
"1",""
"1",""
"1",""
"1",""
"1","/"
"1",""
"1",""
"1",""
"1",""
"1","-"
"1",""
"1",""
"1",""
"1",""
"1","\"
"1",""
"1",""
"1",""
"1",""
"1","|"
"1",""
"1",""
"1",""
"1",""
"1","/"
"1",""
"1",""
"1",""
"1",""
"1","-"
"1",""
"1",""
"1",""
"1",""
"1","\"
"1",""
"1",""
"1",""
"1",""
"1","|"
"1",""
"1",""
"1",""
"1",""
"1","/"
"1",""
"1",""
"1",""
"1",""
"1","-"
"1",""
"1",""
"1",""
"1",""
"1","\"
"1",""
"1",""
"1",""
"1",""
"1","|"
"1",""
"1",""
"1",""
"1",""
"1","/"
"1",""
"1",""
"1",""
"1",""
"1","-"
"1",""
"1",""
"1",""
"1",""
"1","\"
"1",""
"1",""
"1",""
"1",""
"1","|"
"1",""
"1",""
"1",""
"1",""
"1","/"
"1",""
"1",""
"1",""
"1",""
"1","-"
"1",""
"1",""
"1",""
"1",""
"1","\"
"1",""
"1",""
"1",""
"1",""
"1","|"
"1",""
"1",""
"1",""
"1",""
"1","/"
"1",""
"1",""
"1",""
"1",""
"1","-"
"1",""
"1",""
"1",""
"1",""
"1","\"
"1",""
"1",""
"1",""
"1",""
"1","|"
"1",""
"1",""
"1",""
"1",""
"1","/"
"1",""
"1",""
"1",""
"1",""
"1","-"
"1",""
"1",""
"1",""
"1",""
"1","\"
"1",""
"1",""
"1",""
"1",""
"1","|"
"1",""
"1",""
"1",""
"1",""
"1","/"
"1",""
"1",""
"1",""
"1",""
"1","-"
"1",""
"1",""
"1",""
"1",""
"1","\"
"1",""
"1",""
"1"," "
"2","Start sampling
"
"1","Running MCMC with 2 parallel chains, with 2 thread(s) per chain...

"
"1","Chain"
"1"," "
"1","1"
"1"," "
"1","Iteration:    1 / 5000 [  0%]  (Warmup)"
"1"," "
"1","
"
"1","Chain"
"1"," "
"1","2"
"1"," "
"1","Iteration:    1 / 5000 [  0%]  (Warmup)"
"1"," "
"1","
"
"1","Chain"
"1"," "
"1","1"
"1"," "
"1","Iteration:  100 / 5000 [  2%]  (Warmup)"
"1"," "
"1","
"
"1","Chain"
"1"," "
"1","1"
"1"," "
"1","Iteration:  200 / 5000 [  4%]  (Warmup)"
"1"," "
"1","
"
"1","Chain"
"1"," "
"1","1"
"1"," "
"1","Iteration:  300 / 5000 [  6%]  (Warmup)"
"1"," "
"1","
"
"1","Chain"
"1"," "
"1","1"
"1"," "
"1","Iteration:  400 / 5000 [  8%]  (Warmup)"
"1"," "
"1","
"
"1","Chain"
"1"," "
"1","2"
"1"," "
"1","Iteration:  100 / 5000 [  2%]  (Warmup)"
"1"," "
"1","
"
"1","Chain"
"1"," "
"1","1"
"1"," "
"1","Iteration:  500 / 5000 [ 10%]  (Warmup)"
"1"," "
"1","
"
"1","Chain"
"1"," "
"1","2"
"1"," "
"1","Iteration:  200 / 5000 [  4%]  (Warmup)"
"1"," "
"1","
"
"1","Chain"
"1"," "
"1","1"
"1"," "
"1","Iteration:  600 / 5000 [ 12%]  (Warmup)"
"1"," "
"1","
"
"1","Chain"
"1"," "
"1","1"
"1"," "
"1","Iteration:  700 / 5000 [ 14%]  (Warmup)"
"1"," "
"1","
"
"1","Chain"
"1"," "
"1","2"
"1"," "
"1","Iteration:  300 / 5000 [  6%]  (Warmup)"
"1"," "
"1","
"
"1","Chain"
"1"," "
"1","2"
"1"," "
"1","Iteration:  400 / 5000 [  8%]  (Warmup)"
"1"," "
"1","
"
"1","Chain"
"1"," "
"1","1"
"1"," "
"1","Iteration:  800 / 5000 [ 16%]  (Warmup)"
"1"," "
"1","
"
"1","Chain"
"1"," "
"1","2"
"1"," "
"1","Iteration:  500 / 5000 [ 10%]  (Warmup)"
"1"," "
"1","
"
"1","Chain"
"1"," "
"1","1"
"1"," "
"1","Iteration:  900 / 5000 [ 18%]  (Warmup)"
"1"," "
"1","
"
"1","Chain"
"1"," "
"1","2"
"1"," "
"1","Iteration:  600 / 5000 [ 12%]  (Warmup)"
"1"," "
"1","
"
"1","Chain"
"1"," "
"1","2"
"1"," "
"1","Iteration:  700 / 5000 [ 14%]  (Warmup)"
"1"," "
"1","
"
"1","Chain"
"1"," "
"1","2"
"1"," "
"1","Iteration:  800 / 5000 [ 16%]  (Warmup)"
"1"," "
"1","
"
"1","Chain"
"1"," "
"1","1"
"1"," "
"1","Iteration: 1000 / 5000 [ 20%]  (Warmup)"
"1"," "
"1","
"
"1","Chain"
"1"," "
"1","1"
"1"," "
"1","Iteration: 1001 / 5000 [ 20%]  (Sampling)"
"1"," "
"1","
"
"1","Chain"
"1"," "
"1","2"
"1"," "
"1","Iteration:  900 / 5000 [ 18%]  (Warmup)"
"1"," "
"1","
"
"1","Chain"
"1"," "
"1","1"
"1"," "
"1","Iteration: 1100 / 5000 [ 22%]  (Sampling)"
"1"," "
"1","
"
"1","Chain"
"1"," "
"1","2"
"1"," "
"1","Iteration: 1000 / 5000 [ 20%]  (Warmup)"
"1"," "
"1","
"
"1","Chain"
"1"," "
"1","2"
"1"," "
"1","Iteration: 1001 / 5000 [ 20%]  (Sampling)"
"1"," "
"1","
"
"1","Chain"
"1"," "
"1","2"
"1"," "
"1","Iteration: 1100 / 5000 [ 22%]  (Sampling)"
"1"," "
"1","
"
"1","Chain"
"1"," "
"1","1"
"1"," "
"1","Iteration: 1200 / 5000 [ 24%]  (Sampling)"
"1"," "
"1","
"
"1","Chain"
"1"," "
"1","2"
"1"," "
"1","Iteration: 1200 / 5000 [ 24%]  (Sampling)"
"1"," "
"1","
"
"1","Chain"
"1"," "
"1","1"
"1"," "
"1","Iteration: 1300 / 5000 [ 26%]  (Sampling)"
"1"," "
"1","
"
"1","Chain"
"1"," "
"1","2"
"1"," "
"1","Iteration: 1300 / 5000 [ 26%]  (Sampling)"
"1"," "
"1","
"
"1","Chain"
"1"," "
"1","2"
"1"," "
"1","Iteration: 1400 / 5000 [ 28%]  (Sampling)"
"1"," "
"1","
"
"1","Chain"
"1"," "
"1","1"
"1"," "
"1","Iteration: 1400 / 5000 [ 28%]  (Sampling)"
"1"," "
"1","
"
"1","Chain"
"1"," "
"1","2"
"1"," "
"1","Iteration: 1500 / 5000 [ 30%]  (Sampling)"
"1"," "
"1","
"
"1","Chain"
"1"," "
"1","1"
"1"," "
"1","Iteration: 1500 / 5000 [ 30%]  (Sampling)"
"1"," "
"1","
"
"1","Chain"
"1"," "
"1","2"
"1"," "
"1","Iteration: 1600 / 5000 [ 32%]  (Sampling)"
"1"," "
"1","
"
"1","Chain"
"1"," "
"1","1"
"1"," "
"1","Iteration: 1600 / 5000 [ 32%]  (Sampling)"
"1"," "
"1","
"
"1","Chain"
"1"," "
"1","2"
"1"," "
"1","Iteration: 1700 / 5000 [ 34%]  (Sampling)"
"1"," "
"1","
"
"1","Chain"
"1"," "
"1","2"
"1"," "
"1","Iteration: 1800 / 5000 [ 36%]  (Sampling)"
"1"," "
"1","
"
"1","Chain"
"1"," "
"1","1"
"1"," "
"1","Iteration: 1700 / 5000 [ 34%]  (Sampling)"
"1"," "
"1","
"
"1","Chain"
"1"," "
"1","2"
"1"," "
"1","Iteration: 1900 / 5000 [ 38%]  (Sampling)"
"1"," "
"1","
"
"1","Chain"
"1"," "
"1","1"
"1"," "
"1","Iteration: 1800 / 5000 [ 36%]  (Sampling)"
"1"," "
"1","
"
"1","Chain"
"1"," "
"1","2"
"1"," "
"1","Iteration: 2000 / 5000 [ 40%]  (Sampling)"
"1"," "
"1","
"
"1","Chain"
"1"," "
"1","2"
"1"," "
"1","Iteration: 2100 / 5000 [ 42%]  (Sampling)"
"1"," "
"1","
"
"1","Chain"
"1"," "
"1","1"
"1"," "
"1","Iteration: 1900 / 5000 [ 38%]  (Sampling)"
"1"," "
"1","
"
"1","Chain"
"1"," "
"1","2"
"1"," "
"1","Iteration: 2200 / 5000 [ 44%]  (Sampling)"
"1"," "
"1","
"
"1","Chain"
"1"," "
"1","1"
"1"," "
"1","Iteration: 2000 / 5000 [ 40%]  (Sampling)"
"1"," "
"1","
"
"1","Chain"
"1"," "
"1","2"
"1"," "
"1","Iteration: 2300 / 5000 [ 46%]  (Sampling)"
"1"," "
"1","
"
"1","Chain"
"1"," "
"1","1"
"1"," "
"1","Iteration: 2100 / 5000 [ 42%]  (Sampling)"
"1"," "
"1","
"
"1","Chain"
"1"," "
"1","2"
"1"," "
"1","Iteration: 2400 / 5000 [ 48%]  (Sampling)"
"1"," "
"1","
"
"1","Chain"
"1"," "
"1","2"
"1"," "
"1","Iteration: 2500 / 5000 [ 50%]  (Sampling)"
"1"," "
"1","
"
"1","Chain"
"1"," "
"1","1"
"1"," "
"1","Iteration: 2200 / 5000 [ 44%]  (Sampling)"
"1"," "
"1","
"
"1","Chain"
"1"," "
"1","2"
"1"," "
"1","Iteration: 2600 / 5000 [ 52%]  (Sampling)"
"1"," "
"1","
"
"1","Chain"
"1"," "
"1","1"
"1"," "
"1","Iteration: 2300 / 5000 [ 46%]  (Sampling)"
"1"," "
"1","
"
"1","Chain"
"1"," "
"1","2"
"1"," "
"1","Iteration: 2700 / 5000 [ 54%]  (Sampling)"
"1"," "
"1","
"
"1","Chain"
"1"," "
"1","2"
"1"," "
"1","Iteration: 2800 / 5000 [ 56%]  (Sampling)"
"1"," "
"1","
"
"1","Chain"
"1"," "
"1","1"
"1"," "
"1","Iteration: 2400 / 5000 [ 48%]  (Sampling)"
"1"," "
"1","
"
"1","Chain"
"1"," "
"1","2"
"1"," "
"1","Iteration: 2900 / 5000 [ 58%]  (Sampling)"
"1"," "
"1","
"
"1","Chain"
"1"," "
"1","1"
"1"," "
"1","Iteration: 2500 / 5000 [ 50%]  (Sampling)"
"1"," "
"1","
"
"1","Chain"
"1"," "
"1","2"
"1"," "
"1","Iteration: 3000 / 5000 [ 60%]  (Sampling)"
"1"," "
"1","
"
"1","Chain"
"1"," "
"1","2"
"1"," "
"1","Iteration: 3100 / 5000 [ 62%]  (Sampling)"
"1"," "
"1","
"
"1","Chain"
"1"," "
"1","1"
"1"," "
"1","Iteration: 2600 / 5000 [ 52%]  (Sampling)"
"1"," "
"1","
"
"1","Chain"
"1"," "
"1","2"
"1"," "
"1","Iteration: 3200 / 5000 [ 64%]  (Sampling)"
"1"," "
"1","
"
"1","Chain"
"1"," "
"1","1"
"1"," "
"1","Iteration: 2700 / 5000 [ 54%]  (Sampling)"
"1"," "
"1","
"
"1","Chain"
"1"," "
"1","2"
"1"," "
"1","Iteration: 3300 / 5000 [ 66%]  (Sampling)"
"1"," "
"1","
"
"1","Chain"
"1"," "
"1","2"
"1"," "
"1","Iteration: 3400 / 5000 [ 68%]  (Sampling)"
"1"," "
"1","
"
"1","Chain"
"1"," "
"1","1"
"1"," "
"1","Iteration: 2800 / 5000 [ 56%]  (Sampling)"
"1"," "
"1","
"
"1","Chain"
"1"," "
"1","2"
"1"," "
"1","Iteration: 3500 / 5000 [ 70%]  (Sampling)"
"1"," "
"1","
"
"1","Chain"
"1"," "
"1","1"
"1"," "
"1","Iteration: 2900 / 5000 [ 58%]  (Sampling)"
"1"," "
"1","
"
"1","Chain"
"1"," "
"1","2"
"1"," "
"1","Iteration: 3600 / 5000 [ 72%]  (Sampling)"
"1"," "
"1","
"
"1","Chain"
"1"," "
"1","2"
"1"," "
"1","Iteration: 3700 / 5000 [ 74%]  (Sampling)"
"1"," "
"1","
"
"1","Chain"
"1"," "
"1","1"
"1"," "
"1","Iteration: 3000 / 5000 [ 60%]  (Sampling)"
"1"," "
"1","
"
"1","Chain"
"1"," "
"1","2"
"1"," "
"1","Iteration: 3800 / 5000 [ 76%]  (Sampling)"
"1"," "
"1","
"
"1","Chain"
"1"," "
"1","1"
"1"," "
"1","Iteration: 3100 / 5000 [ 62%]  (Sampling)"
"1"," "
"1","
"
"1","Chain"
"1"," "
"1","2"
"1"," "
"1","Iteration: 3900 / 5000 [ 78%]  (Sampling)"
"1"," "
"1","
"
"1","Chain"
"1"," "
"1","2"
"1"," "
"1","Iteration: 4000 / 5000 [ 80%]  (Sampling)"
"1"," "
"1","
"
"1","Chain"
"1"," "
"1","1"
"1"," "
"1","Iteration: 3200 / 5000 [ 64%]  (Sampling)"
"1"," "
"1","
"
"1","Chain"
"1"," "
"1","2"
"1"," "
"1","Iteration: 4100 / 5000 [ 82%]  (Sampling)"
"1"," "
"1","
"
"1","Chain"
"1"," "
"1","1"
"1"," "
"1","Iteration: 3300 / 5000 [ 66%]  (Sampling)"
"1"," "
"1","
"
"1","Chain"
"1"," "
"1","2"
"1"," "
"1","Iteration: 4200 / 5000 [ 84%]  (Sampling)"
"1"," "
"1","
"
"1","Chain"
"1"," "
"1","2"
"1"," "
"1","Iteration: 4300 / 5000 [ 86%]  (Sampling)"
"1"," "
"1","
"
"1","Chain"
"1"," "
"1","1"
"1"," "
"1","Iteration: 3400 / 5000 [ 68%]  (Sampling)"
"1"," "
"1","
"
"1","Chain"
"1"," "
"1","2"
"1"," "
"1","Iteration: 4400 / 5000 [ 88%]  (Sampling)"
"1"," "
"1","
"
"1","Chain"
"1"," "
"1","1"
"1"," "
"1","Iteration: 3500 / 5000 [ 70%]  (Sampling)"
"1"," "
"1","
"
"1","Chain"
"1"," "
"1","2"
"1"," "
"1","Iteration: 4500 / 5000 [ 90%]  (Sampling)"
"1"," "
"1","
"
"1","Chain"
"1"," "
"1","2"
"1"," "
"1","Iteration: 4600 / 5000 [ 92%]  (Sampling)"
"1"," "
"1","
"
"1","Chain"
"1"," "
"1","1"
"1"," "
"1","Iteration: 3600 / 5000 [ 72%]  (Sampling)"
"1"," "
"1","
"
"1","Chain"
"1"," "
"1","2"
"1"," "
"1","Iteration: 4700 / 5000 [ 94%]  (Sampling)"
"1"," "
"1","
"
"1","Chain"
"1"," "
"1","1"
"1"," "
"1","Iteration: 3700 / 5000 [ 74%]  (Sampling)"
"1"," "
"1","
"
"1","Chain"
"1"," "
"1","2"
"1"," "
"1","Iteration: 4800 / 5000 [ 96%]  (Sampling)"
"1"," "
"1","
"
"1","Chain"
"1"," "
"1","1"
"1"," "
"1","Iteration: 3800 / 5000 [ 76%]  (Sampling)"
"1"," "
"1","
"
"1","Chain"
"1"," "
"1","2"
"1"," "
"1","Iteration: 4900 / 5000 [ 98%]  (Sampling)"
"1"," "
"1","
"
"1","Chain"
"1"," "
"1","2"
"1"," "
"1","Iteration: 5000 / 5000 [100%]  (Sampling)"
"1"," "
"1","
"
"1","Chain"
"1"," "
"1","2"
"1"," "
"1","finished in"
"1"," "
"1","129.7"
"1"," "
"1","seconds.
"
"1","Chain"
"1"," "
"1","1"
"1"," "
"1","Iteration: 3900 / 5000 [ 78%]  (Sampling)"
"1"," "
"1","
"
"1","Chain"
"1"," "
"1","1"
"1"," "
"1","Iteration: 4000 / 5000 [ 80%]  (Sampling)"
"1"," "
"1","
"
"1","Chain"
"1"," "
"1","1"
"1"," "
"1","Iteration: 4100 / 5000 [ 82%]  (Sampling)"
"1"," "
"1","
"
"1","Chain"
"1"," "
"1","1"
"1"," "
"1","Iteration: 4200 / 5000 [ 84%]  (Sampling)"
"1"," "
"1","
"
"1","Chain"
"1"," "
"1","1"
"1"," "
"1","Iteration: 4300 / 5000 [ 86%]  (Sampling)"
"1"," "
"1","
"
"1","Chain"
"1"," "
"1","1"
"1"," "
"1","Iteration: 4400 / 5000 [ 88%]  (Sampling)"
"1"," "
"1","
"
"1","Chain"
"1"," "
"1","1"
"1"," "
"1","Iteration: 4500 / 5000 [ 90%]  (Sampling)"
"1"," "
"1","
"
"1","Chain"
"1"," "
"1","1"
"1"," "
"1","Iteration: 4600 / 5000 [ 92%]  (Sampling)"
"1"," "
"1","
"
"1","Chain"
"1"," "
"1","1"
"1"," "
"1","Iteration: 4700 / 5000 [ 94%]  (Sampling)"
"1"," "
"1","
"
"1","Chain"
"1"," "
"1","1"
"1"," "
"1","Iteration: 4800 / 5000 [ 96%]  (Sampling)"
"1"," "
"1","
"
"1","Chain"
"1"," "
"1","1"
"1"," "
"1","Iteration: 4900 / 5000 [ 98%]  (Sampling)"
"1"," "
"1","
"
"1","Chain"
"1"," "
"1","1"
"1"," "
"1","Iteration: 5000 / 5000 [100%]  (Sampling)"
"1"," "
"1","
"
"1","Chain"
"1"," "
"1","1"
"1"," "
"1","finished in"
"1"," "
"1","158.9"
"1"," "
"1","seconds.
"
"1","
Both chains finished successfully.
"
"1","Mean chain execution time:"
"1"," "
"1","144.3"
"1"," "
"1","seconds.
"
"1","Total execution time:"
"1"," "
"1","159.1"
"1"," "
"1","seconds.

"
"2","Advarsel: numerical expression has 3 elements: only the first used"
"2","Advarsel: numerical expression has 3 elements: only the first used"
"2","Error in b_diagnosisASD:visit : NA/NaN argument
"
